{"cameraMode":{"drawMode":0,"name":"Shaded","section":"Shading Mode"},"sceneLighting":true,"audioPlay":false,"sceneViewState":{"showFog":true,"showMaterialUpdate":false,"showSkybox":true,"showFlares":true,"showImageEffects":true,"showParticleSystems":true},"in2DMode":false,"pivot":{"x":0.7576255798339844,"y":1.0657429695129395,"z":3.335528612136841},"rotation":{"x":-0.016985442489385606,"y":0.5709497332572937,"z":0.011811657808721066,"w":0.820724368095398},"size":8.104191780090332,"orthographic":false}